<dependencies>
  <dependency groupId="org.apache.geronimo.javamail" artifactId="geronimo-javamail_1.4_mail" version="1.8.2" file-name="geronimo-javamail_1.4_mail-1.8.2.jar"/>
  <dependency groupId="org.apache.myfaces.core" artifactId="myfaces-impl" version="2.1.2" file-name="myfaces-impl-2.1.2.jar">
    <dependency groupId="commons-beanutils" artifactId="commons-beanutils" version="1.8.3" file-name="commons-beanutils-1.8.3.jar">
      <dependency groupId="commons-logging" artifactId="commons-logging" version="1.1.1" file-name="commons-logging-1.1.1.jar"/>
    </dependency>
    <dependency groupId="commons-codec" artifactId="commons-codec" version="1.4" file-name="commons-codec-1.4.jar"/>
    <dependency groupId="commons-collections" artifactId="commons-collections" version="3.2.1" file-name="commons-collections-3.2.1.jar"/>
    <dependency groupId="commons-digester" artifactId="commons-digester" version="1.8" file-name="commons-digester-1.8.jar"/>
  </dependency>
  <dependency groupId="org.apache.openejb" artifactId="javaee-api" version="6.0-3-20111224.154512-3" file-name="javaee-api-6.0-3-SNAPSHOT-tomcat.jar"/>
  <dependency groupId="org.apache.openejb" artifactId="openejb-client" version="4.0.0-beta-2-SNAPSHOT" file-name="openejb-client-4.0.0-beta-2-SNAPSHOT.jar"/>
  <dependency groupId="org.apache.openejb" artifactId="openejb-core" version="4.0.0-beta-2-SNAPSHOT" file-name="openejb-core-4.0.0-beta-2-SNAPSHOT.jar">
    <dependency groupId="commons-dbcp" artifactId="commons-dbcp" version="1.4" file-name="commons-dbcp-1.4.jar"/>
    <dependency groupId="commons-lang" artifactId="commons-lang" version="2.6" file-name="commons-lang-2.6.jar"/>
    <dependency groupId="commons-pool" artifactId="commons-pool" version="1.5.7" file-name="commons-pool-1.5.7.jar"/>
    <dependency groupId="org.apache.activemq" artifactId="kahadb" version="5.5.1" file-name="kahadb-5.5.1.jar"/>
    <dependency groupId="org.apache.bval" artifactId="bval-core" version="0.4-incubating-20111219.083601-1" file-name="bval-core-0.4-incubating-SNAPSHOT.jar">
      <dependency groupId="org.apache.commons" artifactId="commons-lang3" version="3.1" file-name="commons-lang3-3.1.jar"/>
    </dependency>
    <dependency groupId="org.apache.bval" artifactId="bval-jsr303" version="0.4-incubating-20111219.083705-1" file-name="bval-jsr303-0.4-incubating-SNAPSHOT.jar"/>
    <dependency groupId="org.apache.geronimo.components" artifactId="geronimo-transaction" version="3.1.1" file-name="geronimo-transaction-3.1.1.jar"/>
    <dependency groupId="org.apache.openejb" artifactId="mbean-annotation-api" version="4.0.0-beta-2-SNAPSHOT" file-name="mbean-annotation-api-4.0.0-beta-2-SNAPSHOT.jar"/>
    <dependency groupId="org.apache.openejb" artifactId="openejb-api" version="4.0.0-beta-2-SNAPSHOT" file-name="openejb-api-4.0.0-beta-2-SNAPSHOT.jar"/>
    <dependency groupId="org.apache.openejb" artifactId="openejb-javaagent" version="4.0.0-beta-2-SNAPSHOT" file-name="openejb-javaagent-4.0.0-beta-2-SNAPSHOT.jar"/>
    <dependency groupId="org.apache.openejb" artifactId="openejb-jee" version="4.0.0-beta-2-SNAPSHOT" file-name="openejb-jee-4.0.0-beta-2-SNAPSHOT.jar"/>
    <dependency groupId="org.apache.openjpa" artifactId="openjpa" version="2.1.1" file-name="openjpa-2.1.1.jar">
      <dependency groupId="net.sourceforge.serp" artifactId="serp" version="1.13.1" file-name="serp-1.13.1.jar"/>
    </dependency>
    <dependency groupId="org.apache.openwebbeans" artifactId="openwebbeans-ee" version="1.1.4-20120105.002008-26" file-name="openwebbeans-ee-1.1.4-SNAPSHOT.jar"/>
    <dependency groupId="org.apache.openwebbeans" artifactId="openwebbeans-ee-common" version="1.1.4-20120105.001940-26" file-name="openwebbeans-ee-common-1.1.4-SNAPSHOT.jar"/>
    <dependency groupId="org.apache.openwebbeans" artifactId="openwebbeans-ejb" version="1.1.4-20120105.002000-26" file-name="openwebbeans-ejb-1.1.4-SNAPSHOT.jar"/>
    <dependency groupId="org.apache.openwebbeans" artifactId="openwebbeans-spi" version="1.1.4-20120105.001837-26" file-name="openwebbeans-spi-1.1.4-SNAPSHOT.jar"/>
    <dependency groupId="org.apache.openwebbeans" artifactId="openwebbeans-web" version="1.1.4-20120105.001952-26" file-name="openwebbeans-web-1.1.4-SNAPSHOT.jar"/>
    <dependency groupId="org.apache.xbean" artifactId="xbean-bundleutils" version="3.9" file-name="xbean-bundleutils-3.9.jar"/>
    <dependency groupId="org.apache.xbean" artifactId="xbean-finder-shaded" version="3.9" file-name="xbean-finder-shaded-3.9.jar"/>
    <dependency groupId="org.apache.xbean" artifactId="xbean-naming" version="3.9" file-name="xbean-naming-3.9.jar"/>
    <dependency groupId="org.objectweb.howl" artifactId="howl" version="1.0.1-1" file-name="howl-1.0.1-1.jar"/>
    <dependency groupId="org.quartz-scheduler" artifactId="quartz" version="1.8.5" file-name="quartz-1.8.5.jar"/>
    <dependency groupId="org.slf4j" artifactId="slf4j-api" version="1.6.1" file-name="slf4j-api-1.6.1.jar"/>
    <dependency groupId="org.slf4j" artifactId="slf4j-log4j12" version="1.6.1" file-name="slf4j-log4j12-1.6.1.jar"/>
    <dependency groupId="wsdl4j" artifactId="wsdl4j" version="1.6.2" file-name="wsdl4j-1.6.2.jar"/>
  </dependency>
  <dependency groupId="org.apache.openejb" artifactId="openejb-ejbd" version="4.0.0-beta-2-SNAPSHOT" file-name="openejb-ejbd-4.0.0-beta-2-SNAPSHOT.jar">
    <dependency groupId="org.apache.openejb" artifactId="openejb-loader" version="4.0.0-beta-2-SNAPSHOT" file-name="openejb-loader-4.0.0-beta-2-SNAPSHOT.jar"/>
  </dependency>
  <dependency groupId="org.apache.openejb" artifactId="openejb-hsql" version="4.0.0-beta-2-SNAPSHOT" file-name="openejb-hsql-4.0.0-beta-2-SNAPSHOT.jar">
    <dependency groupId="org.hsqldb" artifactId="hsqldb" version="2.2.4" file-name="hsqldb-2.2.4.jar"/>
  </dependency>
  <dependency groupId="org.apache.openejb" artifactId="openejb-http" version="4.0.0-beta-2-SNAPSHOT" file-name="openejb-http-4.0.0-beta-2-SNAPSHOT.jar"/>
  <dependency groupId="org.apache.openejb" artifactId="openejb-jsf" version="4.0.0-beta-2-SNAPSHOT" file-name="openejb-jsf-4.0.0-beta-2-SNAPSHOT.jar">
    <dependency groupId="org.apache.openejb.patch" artifactId="openejb-openwebbeans-jsf" version="1.1.2-20111227.230610-8" file-name="openejb-openwebbeans-jsf-1.1.2-SNAPSHOT.jar"/>
    <dependency groupId="org.apache.openwebbeans" artifactId="openwebbeans-impl" version="1.1.4-20120105.001924-26" file-name="openwebbeans-impl-1.1.4-SNAPSHOT.jar">
      <dependency groupId="javassist" artifactId="javassist" version="3.12.1.GA" file-name="javassist-3.12.1.GA.jar"/>
      <dependency groupId="net.sf.scannotation" artifactId="scannotation" version="1.0.2" file-name="scannotation-1.0.2.jar"/>
    </dependency>
  </dependency>
  <dependency groupId="org.apache.openejb" artifactId="openejb-server" version="4.0.0-beta-2-SNAPSHOT" file-name="openejb-server-4.0.0-beta-2-SNAPSHOT.jar">
    <dependency groupId="commons-cli" artifactId="commons-cli" version="1.2" file-name="commons-cli-1.2.jar"/>
    <dependency groupId="log4j" artifactId="log4j" version="1.2.16" file-name="log4j-1.2.16.jar"/>
    <dependency groupId="org.apache.xbean" artifactId="xbean-asm-shaded" version="3.9" file-name="xbean-asm-shaded-3.9.jar"/>
    <dependency groupId="org.apache.xbean" artifactId="xbean-reflect" version="3.9" file-name="xbean-reflect-3.9.jar"/>
  </dependency>
  <dependency groupId="org.apache.openejb" artifactId="tomee-catalina" version="4.0.0-beta-2-SNAPSHOT" file-name="tomee-catalina-4.0.0-beta-2-SNAPSHOT.jar"/>
  <dependency groupId="org.apache.openejb" artifactId="tomee-common" version="4.0.0-beta-2-SNAPSHOT" file-name="tomee-common-4.0.0-beta-2-SNAPSHOT.jar"/>
  <dependency groupId="org.apache.openejb" artifactId="tomee-loader" version="4.0.0-beta-2-SNAPSHOT" file-name="tomee-loader-4.0.0-beta-2-SNAPSHOT.jar"/>
  <dependency groupId="org.apache.openejb.patch" artifactId="openejb-jstl" version="1.3-20111227.230610-8" file-name="openejb-jstl-1.3-SNAPSHOT.jar"/>
  <dependency groupId="org.codehaus.swizzle" artifactId="swizzle-stream" version="1.0.2" file-name="swizzle-stream-1.0.2.jar"/>
</dependencies>
