<dependencies>
  <dependency groupId="org.apache.geronimo.javamail" artifactId="geronimo-javamail_1.4_mail" version="1.8.2" file-name="geronimo-javamail_1.4_mail-1.8.2.jar"/>
  <dependency groupId="org.apache.openejb" artifactId="javaee-api" version="5.0-3" file-name="javaee-api-5.0-3.jar"/>
  <dependency groupId="org.apache.openejb" artifactId="openejb-client" version="3.1.4" file-name="openejb-client-3.1.4.jar"/>
  <dependency groupId="org.apache.openejb" artifactId="openejb-core" version="3.1.4" file-name="openejb-core-3.1.4.jar">
    <dependency groupId="commons-cli" artifactId="commons-cli" version="1.1" file-name="commons-cli-1.1.jar"/>
    <dependency groupId="commons-logging" artifactId="commons-logging" version="1.1" file-name="commons-logging-1.1.jar"/>
    <dependency groupId="hsqldb" artifactId="hsqldb" version="1.8.0.7" file-name="hsqldb-1.8.0.7.jar"/>
    <dependency groupId="log4j" artifactId="log4j" version="1.2.12" file-name="log4j-1.2.12.jar"/>
    <dependency groupId="org.apache.activemq" artifactId="activemq-core" version="5.3.1" file-name="activemq-core-5.3.1.jar">
      <dependency groupId="commons-logging" artifactId="commons-logging-api" version="1.1" file-name="commons-logging-api-1.1.jar"/>
      <dependency groupId="commons-net" artifactId="commons-net" version="2.0" file-name="commons-net-2.0.jar"/>
      <dependency groupId="org.apache.activemq" artifactId="activeio-core" version="3.1.2" file-name="activeio-core-3.1.2.jar">
        <dependency groupId="org.apache.geronimo.specs" artifactId="geronimo-j2ee-management_1.1_spec" version="1.0.1" file-name="geronimo-j2ee-management_1.1_spec-1.0.1.jar"/>
      </dependency>
      <dependency groupId="org.apache.activemq" artifactId="kahadb" version="5.3.1" file-name="kahadb-5.3.1.jar"/>
      <dependency groupId="org.apache.activemq.protobuf" artifactId="activemq-protobuf" version="1.0" file-name="activemq-protobuf-1.0.jar"/>
    </dependency>
    <dependency groupId="org.apache.activemq" artifactId="activemq-ra" version="5.3.1" file-name="activemq-ra-5.3.1.jar"/>
    <dependency groupId="org.apache.geronimo.components" artifactId="geronimo-connector" version="2.1" file-name="geronimo-connector-2.1.jar"/>
    <dependency groupId="org.apache.geronimo.components" artifactId="geronimo-transaction" version="2.1" file-name="geronimo-transaction-2.1.jar"/>
    <dependency groupId="org.apache.openejb" artifactId="commons-dbcp-all" version="1.3-r699049" file-name="commons-dbcp-all-1.3-r699049.jar"/>
    <dependency groupId="org.apache.openejb" artifactId="ejb31-api-experimental" version="3.1.4" file-name="ejb31-api-experimental-3.1.4.jar"/>
    <dependency groupId="org.apache.openejb" artifactId="openejb-api" version="3.1.4" file-name="openejb-api-3.1.4.jar"/>
    <dependency groupId="org.apache.openejb" artifactId="openejb-javaagent" version="3.1.4" file-name="openejb-javaagent-3.1.4.jar"/>
    <dependency groupId="org.apache.openejb" artifactId="openejb-jee" version="3.1.4" file-name="openejb-jee-3.1.4.jar">
      <dependency groupId="com.sun.xml.bind" artifactId="jaxb-impl" version="2.1.9" file-name="jaxb-impl-2.1.9.jar"/>
      <dependency groupId="org.codehaus.woodstox" artifactId="wstx-asl" version="3.2.0" file-name="wstx-asl-3.2.0.jar">
        <dependency groupId="stax" artifactId="stax-api" version="1.0.1" file-name="stax-api-1.0.1.jar"/>
      </dependency>
    </dependency>
    <dependency groupId="org.apache.openjpa" artifactId="openjpa" version="1.2.1" file-name="openjpa-1.2.1.jar">
      <dependency groupId="commons-collections" artifactId="commons-collections" version="3.2" file-name="commons-collections-3.2.jar"/>
      <dependency groupId="commons-lang" artifactId="commons-lang" version="2.1" file-name="commons-lang-2.1.jar"/>
      <dependency groupId="commons-pool" artifactId="commons-pool" version="1.3" file-name="commons-pool-1.3.jar"/>
      <dependency groupId="net.sourceforge.serp" artifactId="serp" version="1.13.1" file-name="serp-1.13.1.jar"/>
    </dependency>
    <dependency groupId="org.apache.xbean" artifactId="xbean-asm-shaded" version="3.7" file-name="xbean-asm-shaded-3.7.jar"/>
    <dependency groupId="org.apache.xbean" artifactId="xbean-finder-shaded" version="3.7" file-name="xbean-finder-shaded-3.7.jar"/>
    <dependency groupId="org.apache.xbean" artifactId="xbean-naming" version="3.7" file-name="xbean-naming-3.7.jar"/>
    <dependency groupId="org.apache.xbean" artifactId="xbean-reflect" version="3.7" file-name="xbean-reflect-3.7.jar"/>
    <dependency groupId="org.objectweb.howl" artifactId="howl" version="1.0.1-1" file-name="howl-1.0.1-1.jar"/>
    <dependency groupId="quartz" artifactId="quartz" version="1.5.2" file-name="quartz-1.5.2.jar"/>
    <dependency groupId="wsdl4j" artifactId="wsdl4j" version="1.6.1" file-name="wsdl4j-1.6.1.jar"/>
  </dependency>
  <dependency groupId="org.apache.openejb" artifactId="openejb-cxf" version="3.1.4" file-name="openejb-cxf-3.1.4.jar">
    <dependency groupId="org.apache.cxf" artifactId="cxf-bundle" version="2.2.10" file-name="cxf-bundle-2.2.10.jar">
      <dependency groupId="com.sun.xml.messaging.saaj" artifactId="saaj-impl" version="1.3.2" file-name="saaj-impl-1.3.2.jar"/>
      <dependency groupId="org.apache.neethi" artifactId="neethi" version="2.0.4" file-name="neethi-2.0.4.jar"/>
      <dependency groupId="org.apache.santuario" artifactId="xmlsec" version="1.4.3" file-name="xmlsec-1.4.3.jar"/>
      <dependency groupId="org.apache.ws.commons.schema" artifactId="XmlSchema" version="1.4.5" file-name="XmlSchema-1.4.5.jar"/>
      <dependency groupId="org.apache.ws.security" artifactId="wss4j" version="1.5.8" file-name="wss4j-1.5.8.jar"/>
      <dependency groupId="org.bouncycastle" artifactId="bcprov-jdk15" version="1.43" file-name="bcprov-jdk15-1.43.jar"/>
      <dependency groupId="xalan" artifactId="serializer" version="2.7.1" file-name="serializer-2.7.1.jar"/>
    </dependency>
    <dependency groupId="xml-resolver" artifactId="xml-resolver" version="1.2" file-name="xml-resolver-1.2.jar"/>
  </dependency>
  <dependency groupId="org.apache.openejb" artifactId="openejb-ejbd" version="3.1.4" file-name="openejb-ejbd-3.1.4.jar"/>
  <dependency groupId="org.apache.openejb" artifactId="openejb-hsql" version="3.1.4" file-name="openejb-hsql-3.1.4.jar"/>
  <dependency groupId="org.apache.openejb" artifactId="openejb-http" version="3.1.4" file-name="openejb-http-3.1.4.jar"/>
  <dependency groupId="org.apache.openejb" artifactId="openejb-server" version="3.1.4" file-name="openejb-server-3.1.4.jar"/>
  <dependency groupId="org.apache.openejb" artifactId="openejb-telnet" version="3.1.4" file-name="openejb-telnet-3.1.4.jar"/>
  <dependency groupId="org.apache.openejb" artifactId="openejb-tomcat-catalina" version="3.1.4" file-name="openejb-tomcat-catalina-3.1.4.jar"/>
  <dependency groupId="org.apache.openejb" artifactId="openejb-tomcat-common" version="3.1.4" file-name="openejb-tomcat-common-3.1.4.jar">
    <dependency groupId="org.apache.openejb" artifactId="openejb-webapp-common" version="3.1.4" file-name="openejb-webapp-common-3.1.4.jar">
      <dependency groupId="org.apache.openejb" artifactId="openejb-multicast" version="3.1.4" file-name="openejb-multicast-3.1.4.jar"/>
    </dependency>
  </dependency>
  <dependency groupId="org.apache.openejb" artifactId="openejb-tomcat-loader" version="3.1.4" file-name="openejb-tomcat-loader-3.1.4.jar">
    <dependency groupId="org.apache.openejb" artifactId="openejb-loader" version="3.1.4" file-name="openejb-loader-3.1.4.jar"/>
  </dependency>
  <dependency groupId="org.apache.openejb" artifactId="openejb-webservices" version="3.1.4" file-name="openejb-webservices-3.1.4.jar"/>
  <dependency groupId="org.apache.tomcat" artifactId="catalina" version="6.0.29" file-name="catalina-6.0.29.jar">
    <dependency groupId="org.apache.tomcat" artifactId="annotations-api" version="6.0.29" file-name="annotations-api-6.0.29.jar"/>
    <dependency groupId="org.apache.tomcat" artifactId="juli" version="6.0.29" file-name="juli-6.0.29.jar"/>
    <dependency groupId="org.apache.tomcat" artifactId="servlet-api" version="6.0.29" file-name="servlet-api-6.0.29.jar"/>
  </dependency>
  <dependency groupId="org.codehaus.swizzle" artifactId="swizzle-stream" version="1.0.1" file-name="swizzle-stream-1.0.1.jar"/>
</dependencies>
